epoch,time(s),train_loss,test_loss,test_error(%)
001,00010,1.690109,0.01301,0.31
002,00009,1.300498,0.01561,0.39
003,00009,1.180266,0.02295,0.44
