epoch,time(s),train_loss,test_loss,test_error(%)
001,00002,0.628002,2.08048,84.00
002,00002,0.624924,2.07918,83.90
003,00002,0.622295,2.07767,83.57
004,00002,0.628181,2.07579,83.25
005,00002,0.622147,2.07381,83.15
006,00002,0.626314,2.07154,82.66
007,00002,0.622163,2.06918,82.19
008,00002,0.625737,2.06683,81.71
009,00002,0.623826,2.06476,81.12
010,00002,0.621191,2.06284,80.47
