epoch,time(s),train_loss,test_loss,test_error(%)
001,00003,10.918549,2.08148,84.23
002,00002,10.864656,2.08169,84.28
003,00002,10.789149,2.08240,84.35
004,00002,10.704456,2.08332,84.40
005,00002,10.590206,2.08499,84.76
006,00002,10.472501,2.08722,84.96
007,00002,10.327769,2.09051,85.13
008,00002,10.187534,2.09505,85.42
009,00002,10.027758,2.10158,85.71
010,00002,9.849232,2.11048,85.77
